review_id,review,rating,rating_derived_label,annotator_1,annotator_2,annotator_3,final_sentiment,Unnamed: 8,Unnamed: 9,Unnamed: 10,majority_label,full_agreement,requires_resolution,resolution_notes
21683,My 8yr old loves McGriddle's,5,Positive,Positive,Neutral,Positive,Positive,,,,Positive,False,False,
15179,The bomb,5,Positive,Positive,Neutral,Positive,Positive,,,,Positive,False,False,
7412,Cheap food. Make sure you get a straw,4,Positive,Neutral,Positive,Neutral,Neutral,,,,Neutral,False,False,
17431,"Well what can I say about McDonalds. It's not the best, but it is consistent. I would not recommend it as a steady diet.",3,Neutral,Neutral,Positive,Neutral,Neutral,,,,Neutral,False,False,
2109,The usual McDonald's good drunk food. Crowed in drive thru service still pretty quick. Price went up a little not much still good deals,4,Positive,Positive,Neutral,Positive,Positive,,,,Positive,False,False,
25132,Yummy breakfasts,5,Positive,Positive,Neutral,Positive,Positive,,,,Positive,False,False,
5266,I ordered 40pc chicken nuggets and only got 20. Someone needs to learn how to read better. It wasn,1,Negative,Negative,Neutral,Negative,Negative,,,,Negative,False,False,
10621,Drive through only (we love LA),3,Neutral,Neutral,Positive,Neutral,Neutral,,,,Neutral,False,False,
6121,Its a place to run in & grab something quick to eat . As far as sitting in there its not ok the ppl they allow in there are mostly homeless,2,Negative,Negative,Positive,Negative,Negative,,,,Negative,False,False,
333,Sometimes you don't get your order right,3,Neutral,Negative,Positive,Negative,Negative,,,,Negative,False,False,
12151,Newest but the slowest. Fifteen minutes at the drive through to get our meal.,1,Negative,Negative,Neutral,Negative,Negative,,,,Negative,False,False,
8991,Customer service was in okay I wish I spoke a little Spanish it would have been better if you know what I'm saying,4,Positive,Neutral,Positive,Neutral,Neutral,,,,Neutral,False,False,
12115,Their food is excellent by day but mess up orders at night it seems like the best time to eat is in the morning,1,Negative,Neutral,Positive,Neutral,Neutral,,,,Neutral,False,False,
2533,"Family place,great food",5,Positive,Positive,Neutral,Positive,Positive,,,,Positive,False,False,
10166,"Wow what a McDonald's! This one has all of my favorite McDonald's menu items, like cheeseburgers, double cheeseburgers, Chicken McNuggets, Big Mac, milkshakes... My gosh they have got it all. Oh yeah, they have French fries, too! And milkshakes which taste exactly like McDonald's milkshakes. I expected that they would but you know it's always nice when things go according to plan. In conclusion, if you are ever in the mood for McDonald's food, then this location will fulfill that need A+!",5,Positive,Positive,Neutral,Positive,Positive,,,,Positive,False,False,
17648,"Need more options, more",3,Neutral,Neutral,Positive,Neutral,Neutral,,,,Neutral,False,False,
4631,It was ok,4,Positive,Neutral,Positive,Neutral,Neutral,,,,Neutral,False,False,
19689,Check your bag,3,Neutral,Neutral,Neutral,Negative,Neutral,,,,Neutral,False,False,
3311,I bought ice tea and big mac chicken sandwich,5,Positive,Neutral,Negative,Neutral,Neutral,,,,Neutral,False,False,
24966,"At least they finally renovated, so it doesn't feel like the 60s still.",3,Neutral,Positive,Negative,Positive,Positive,,,,Positive,False,False,
30777,"Unfortunately, for a ""fast food"" restaurant that is in proximity to massive convention hotels, they were very slow and never seemed to be ready for the rush!",3,Neutral,Negative,Neutral,Negative,Negative,,,,Negative,False,False,
6053,I went late at night and they were out of a few things. Nothing I was trying to order though--quick and efficient. Be wary that NYC doesn't have deals on the McDonald's app like other cities do.,4,Positive,Neutral,Negative,Neutral,Neutral,,,,Neutral,False,False,
4248,"Absolutely horrid customer service; and even though I have lower expectations for a McDonald's in food quality, this has particularly bare food taste and is often served sloppily. Eye contact is optional in their employee training, apparently.",1,Negative,Negative,Neutral,Negative,Negative,,,,Negative,False,False,
30855,Over priced based on location. Bring your own food if you are traveling from out of town or try somewhere else.,1,Negative,Negative,Positive,Negative,Negative,,,,Negative,False,False,
22695,Fast service but got our order wrong. Misstakes happen....,4,Positive,Neutral,Negative,Neutral,Neutral,,,,Neutral,False,False,
14462,Ok good wasn't fresh,1,Negative,Negative,Positive,Neutral,Negative,,,,,False,True,
13654,"World's largest Mcdo, though doesn't seem that large inside. Since 6 out of 10 self order points were broken, the wait was very long before being able to order. The food was according to expectations.",3,Neutral,Neutral,Negative,Negative,Neutral,,,,Negative,False,False,
18600,Very busy!,4,Positive,Neutral,Positive,Neutral,Negative,,,,Neutral,False,False,
20299,"For God s sakes, please make the cookies fresh and warm when a customer orders them & stop baking 2 dozen ahead of time a",2,Negative,Negative,Positive,Negative,Positive,,,,Negative,False,False,
33252,"The food is good but the service is bad, nobody pays attention to you",2,Negative,Negative,Neutral,Negative,Neutral,,,,Negative,False,False,
9063,It's okay it's not the best part of town a lot of homeless people and Drug dealers around I was just applying for a job if it's the day I'm thinking of it gets crowded a lot of Travelers it's clean you have to get permission to get into the bathrooms that sucks,3,Neutral,Neutral,Positive,Negative,Negative,,,,,False,True,
30782,Drive through has issue with distinguishing double and normal hamburger,3,Neutral,Negative,Neutral,Negative,Neutral,,,,Negative,False,False,
20390,Always takes forever. They never smile and they re never that friendly. I ve gone at night when it,1,Negative,Negative,Neutral,Negative,Neutral,,,,Negative,False,False,
6386,my favorite part of the restaurant is the nice gentlemen worker who holds the door for you whenever you enter but he kinda smelly sometimes and i think he forgot his uniform at home,5,Positive,Neutral,Negative,Positive,Neutral,,,,,False,True,
6726,Not bad. Could be cleaner.,4,Positive,Neutral,Positive,Neutral,Neutral,,,,Neutral,False,False,
4443,good place to stop by if you need to pee,2,Negative,Positive,Positive,Neutral,Positive,,,,Positive,False,False,
30892,"Small one inside Walmart,has a bit of a wait tho as not many staff and as you can imagine it's very busy!x",4,Positive,Neutral,Neutral,Negative,Neutral,,,,Neutral,False,False,
11822,"You can enjoy eating in this place, I did not like eating outside the premises, besides the restrooms being closed",3,Neutral,Neutral,Negative,Negative,Negative,,,,Negative,False,False,
14890,I use the mobile app I've just pull up and park in the spot five minutes later I have my food,5,Positive,Positive,Neutral,Positive,Positive,,,,Positive,False,False,
14437,Speedy service that is what you expect from a McDonald's,5,Positive,Positive,Neutral,Positive,Positive,,,,Positive,False,False,
22645,"Crazy busy, downloaded the app for next time.",3,Neutral,Neutral,Negative,Neutral,Neutral,,,,Neutral,False,False,
25851,"Pure and utter trash, was in line after ordering for about 40min just to get stale fries, and tried passing diet coke for coke. Very distinct taste. If you're wondering, Fyi there was no way out of the line",1,Negative,Negative,Neutral,Negative,Negative,,,,Negative,False,False,
13398,Cheese was not melted in my cheese burger. French fries were good though,3,Neutral,Negative,Positive,Neutral,Neutral,,,,,False,True,
10718,Service slow. Good salty,4,Positive,Negative,Positive,Neutral,Positive,,,,,False,True,
23970,The food is the same each week but it's not that good,3,Neutral,Negative,Positive,Negative,Negative,,,,Negative,False,False,
10691,Miami mcdonald s > any other mcdonald,4,Positive,Positive,Negative,Positive,Positive,,,,Positive,False,False,
8704,Friendly staff. Was even offered a position. Yet I could not accept due to my being homeless at the moment..,5,Positive,Positive,Neutral,Positive,Positive,,,,Positive,False,False,
3329,Be ready to stand most of the time when you take dine in,3,Neutral,Neutral,Positive,Negative,Negative,,,,,False,True,
21445,"Ice cream machine was down for 2 days, not going to go back, just goto another McDonald's.",1,Negative,Negative,Neutral,Negative,Negative,,,,Negative,False,False,
10053,"quarter pound deluxe no cheese???? why? cant do job right? salt even have no fry. still ate. unpleased, i hate burger kung",1,Negative,Negative,Neutral,Negative,Negative,,,,Negative,False,False,
16018,Thanks for being open,4,Positive,Positive,Neutral,Positive,Positive,,,,Positive,False,False,
23182,"In a pinch, it's food. My burger was slipped all over the inside of the wrapper and floating in grease. I just ate the dry parts. My husband's chicken sandwich came without any of the toppings and completely drenched in mystery dressing. Fries were super old and had that old grease fishy taste. Sodas (coke and Dr Pepper) were next to flat. We were starving after a long hot day so, we just ate it and tried not to think about it.",1,Negative,Negative,Neutral,Negative,Negative,,,,Negative,False,False,
8770,The girl taking my order at the counter had a few suggestions on ordering that saved us some money.,5,Positive,Positive,Negative,Positive,Positive,,,,Positive,False,False,
13117,Right in front of the WORLD FAMOUS Santa Monica Beach Pier!,5,Positive,Neutral,Positive,Neutral,Neutral,,,,Neutral,False,False,
15037,I eat breakfast here almost every day.,4,Positive,Positive,Neutral,Positive,Positive,,,,Positive,False,False,
20438,They don't know how to make a dang mcchicken,1,Negative,Negative,Neutral,Negative,Negative,,,,Negative,False,False,
20628,Fast food,4,Positive,Neutral,Positive,Neutral,Neutral,,,,Neutral,False,False,
33280,"It's very good, during the day there are older Latina ladies who are very cool, but not at night and the place is not so nice. I'm surprised that McDonald's promotions in the USA are so bad.",4,Positive,Neutral,Positive,Neutral,Neutral,,,,Neutral,False,False,
10284,The slowest drive true that ever been. I was in line for about 20 and they were only 4 cars ahead of me,2,Negative,Negative,Positive,Negative,Negative,,,,Negative,False,False,
8693,"My neighborhood McDonald's and it's meh... lack luster service especially inside. They gotta keep the drive through times down so the dining room service is at best a ""C"". The security people there are always pressuring people to leave. Its assumed you're homeless or a bum so security gives you a time in which you've got to go. Then there's the food. I suggest a 5 - 10 minute walk to Apollo Burger.",3,Neutral,Negative,Positive,Negative,Negative,,,,Negative,False,False,
30882,"The service is not the best, but the food was good",3,Neutral,Neutral,Positive,Neutral,Neutral,,,,Neutral,False,False,
10551,homeless are very agressive and smoking pot demanding money at drive through.,2,Negative,Negative,Positive,Negative,Negative,,,,Negative,False,False,
21678,"Fast food , what can I say. Fills the belly",1,Negative,Neutral,Positive,Neutral,Neutral,,,,Neutral,False,False,
13272,"The coffee is good. It is clean and warm and safe. Afterwards, I always regret eating there.",3,Neutral,Neutral,Positive,Negative,Negative,,,,,False,True,
26246,Too much wait at midnight. Burger had unsatisfing taste and coke had no soda,2,Negative,Negative,Positive,Negative,Negative,,,,Negative,False,False,
10410,The employees were a little distracted by each other but the service wasn't too bad.,4,Positive,Positive,Negative,Neutral,Positive,,,,,False,True,
14155,Why would you ask me when im ordering if i want any condiment if ur just going to forget them. Fries are raw and my sandwich patty was hard but yet they still some how managed to smush the sandwich in half. Atlest they wore able to get the drink right.,1,Negative,Negative,Neutral,Negative,Negative,,,,Negative,False,False,
14106,"Been understaffed for over a month. You expect McDonald's to be there for your midnight cravings. I remember a group of people were told that McDonald's was not taking their order due to being understaffed, yet there were 3 people in the back. It only takes 2 people to run things back there. What do you do during the day when you're understaffed? Lose out on the incoming money? If 2 people cant function in the back then you shouldn't be working there to begin with. Simple as that!",1,Negative,Negative,Neutral,Negative,Negative,,,,Negative,False,False,
25541,Stopped by for a quick grab on my way home. Got my burger wrong but the drive through line was too long so I feed it to the birds. (10:30pm),1,Negative,Negative,Neutral,Negative,Negative,,,,Negative,False,False,
24546,"Just went through the drive thru, young lady at payment window needs additional training on what is considered proper customer care. She was having a full on conversation with a coworker related to a personal matter (candy she had sitting on the counter next to her), the other coworker indicated she had a customer to which she stated "" I dont care"". She continued her conversation leaving me sitting there until she finished. Never said hello or thank you. Once I received my food it was in a bag dripping with grease. I should have driven a quarter mile up the road to Wendys. Shameful",1,Negative,Negative,Neutral,Negative,Negative,,,,Negative,False,False,
22415,"Meh the place usually has a line, free refills and free Wi-Fi. Most meals come with PINEAPPLE but its 2.00 extra. At the time of order simply ask for no PINEAPPLE and the meal.price will be cheaper. If you forgot to ask for no PINEAPPLE in most cases they give you an apple pie.",3,Neutral,Neutral,Positive,Neutral,Neutral,,,,Neutral,False,False,
23248,I didn't hate it. Why dies person taking order from drive thru window have such a hard time hearing the customers ordrr on speaker.,4,Positive,Neutral,Negative,Neutral,Neutral,,,,Neutral,False,False,
30912,Drive through was congested and tourist mixed with locals makes the parking lot a war zone.,3,Neutral,Negative,Neutral,Negative,Negative,,,,Negative,False,False,
22663,"Haupia pies, that's the post.",5,Positive,Positive,Neutral,Neutral,Neutral,,,,Neutral,False,False,
7915,"I understand that mistakes can be made, but when the order is done on Uber and you have the receipt and time to complete the order, how do you confuse a small Sprite for a tote of cookies?",1,Negative,Negative,Neutral,Negative,Negative,,,,Negative,False,False,
1246,mmmm chimken,5,Positive,Positive,Neutral,Positive,Positive,,,,Positive,False,False,
912,Time for McDonald's to open their doors for indoor seating. Pricing is getting out of hand as well. Can go to red Robin for $5 more and sit down to eat.,2,Negative,Neutral,Neutral,Negative,Neutral,,,,Neutral,False,False,
6809,Didn't have to get too close to actual people,5,Positive,Neutral,Negative,Neutral,Neutral,,,,Neutral,False,False,
10790,"At night, i ve been a very long queue to cashier. Too many strange people want to orders. services are very slow. many misunderstanding speak english conversation",2,Negative,Negative,Neutral,Negative,Negative,,,,Negative,False,False,
8631,"When there s people working, the service is pretty good today we went to the drive thru and no one was there to take our order",3,Neutral,Negative,Positive,Negative,Negative,,,,Negative,False,False,
24230,Could only order from kiosk. Wanted some extras but serving staff struggled with English,2,Negative,Negative,Neutral,Negative,Negative,,,,Negative,False,False,
30582,They need more staff members. they prioritize the drive thru customera and ignore the walking,1,Negative,Negative,Positive,Negative,Negative,,,,Negative,False,False,
8166,Some stuff was missing and wasn't cooked right,3,Neutral,Negative,Neutral,Negative,Negative,,,,Negative,False,False,
13363,They will let you use the bathroom.Give you a cup of water and amidst all the huddle.and bustle they still treat you well.,5,Positive,Positive,Neutral,Positive,Positive,,,,Positive,False,False,
14911,So slow for fast food. Half hour in the drive threw.,2,Negative,Negative,Neutral,Negative,Negative,,,,Negative,False,False,
6640,Only go to Mc donalds for the ATM the food is garbage Atm is free depending on your bank,3,Neutral,Negative,Positive,Negative,Negative,,,,Negative,False,False,
21417,We had to literally argue with the shift Supervisor to get more creamer and sugar for my coffee. Ill never go there again!,1,Negative,Negative,Neutral,Negative,Negative,,,,Negative,False,False,
22712,I only stopped there because my dog likes their chicken nuggets,2,Negative,Neutral,Negative,Neutral,Neutral,,,,Neutral,False,False,
17480,ORDERED 3 items only got 2,2,Negative,Negative,Neutral,Negative,Negative,,,,Negative,False,False,
22299,"Stopped in for a quick bite to eat, I couldn't get breakfest because they said they stop serving breakfest at 11:00 am. And so I enjoyed a Big Mac with my morning cup of coffee, and a ice water, by the way its now .50cents for a cup of water.",4,Positive,Neutral,Positive,Neutral,Neutral,,,,Neutral,False,False,
7014,"The food came quickly and it was hot my sausage bisquick was really good, but the big breakfast came without condiments.We asked for salt, they said it was in the bag but the only thing in the bag was syrup and we didn't order pancakes.",3,Neutral,Negative,Positive,Neutral,Neutral,,,,,False,True,
4939,Typical McDonald's,3,Neutral,Neutral,Negative,Neutral,Neutral,,,,Neutral,False,False,
2141,How is this 3 large fries?!,1,Negative,Negative,Positive,Negative,Negative,,,,Negative,False,False,
21543,"Good food and price, but 5 flies are flying around your food.",4,Positive,Negative,Positive,Negative,Negative,,,,Negative,False,False,
21770,Normal McDonald's. You'll feel bad after.,3,Neutral,Neutral,Negative,Negative,Negative,,,,Negative,False,False,
10634,The app doesn't save you much money at all,3,Neutral,Negative,Positive,Negative,Negative,,,,Negative,False,False,
266,It would be okay if I could communicate with the people that work there I suppose I am suppose to learn Spanish,1,Negative,Negative,Positive,Negative,Negative,,,,Negative,False,False,
11981,"The man bathroom urinals stink so bad, the water does not flush the toxic substance in it. It gets busy when 2 buses pull in at the same time. The touch screen is not as easy to operate as most older people and many foreigners don't know how to place an order for the meal.",3,Neutral,Negative,Neutral,Negative,Negative,,,,Negative,False,False,
22746,Open 24/7 for all your dining needs.,3,Neutral,Positive,Neutral,Neutral,Neutral,,,,Neutral,False,False,
11983,One of the best mcdonalds I have been too. We travel from Montreal to New York frequently and often stop by this mcdonalds. The service is always efficient and quick. Premises always clean! Definitely a thumbs up especially considering how filthy and awful some other mcdonalds can be!!,5,Positive,Positive,Negative,Positive,Positive,,,,Positive,False,False,
25406,"Food was definitely not even close to being fresh ""ish""and the location, although you'd think is convenient after visiting the zoo ... It's a wreck waiting to happen if you try to drive in to their location.",2,Negative,Negative,Positive,Negative,Negative,,,,Negative,False,False,
16500,my country men was serve and assist my order. thankz,5,Positive,Positive,Neutral,Positive,Positive,,,,Positive,False,False,
12153,All I'm gonna say is check your order before you leave the restaurant,4,Positive,Neutral,Neutral,Negative,Neutral,,,,Neutral,False,False,
65,They run out of fry containers and constantly forget sauces. The dining room is still closed for some reason so have fun getting back in line for a sauce. Sometimes the fries aren't great which is a huge part of McDonald's. Come on guys...,3,Neutral,Negative,Positive,Negative,Negative,,,,Negative,False,False,
26154,Very helpful and patient cashier and supervisor. Walk-in was very quick. Drive-thru was quite slow however.,4,Positive,Positive,Neutral,Neutral,Neutral,,,,Neutral,False,False,
7422,Reliable McDonald with drive-in facility.,4,Positive,Positive,Neutral,Positive,Positive,,,,Positive,False,False,
12827,"Some of the vacuums do not have good suction, too many tape ""repairs"" on them.",3,Neutral,Neutral,Positive,Neutral,Neutral,,,,Neutral,False,False,
23965,Takes a little long to get your food,3,Neutral,Negative,Neutral,Negative,Negative,,,,Negative,False,False,
21792,Service was amazing but EXPENSIVE,2,Negative,Positive,Neutral,Positive,Positive,,,,Positive,False,False,
11360,"It's a McDonald's, quick cheep place to eat.",5,Positive,Positive,Positive,Neutral,Positive,,,,Positive,False,False,
14134,Went through the drive-through and at 10:59am was told only serving breakfast and that I'd have to circle back around to the back of the line since lunch doesn't start until 11:00am.,1,Negative,Negative,Neutral,Negative,Negative,,,,Negative,False,False,
24408,"Service is slow and painful, lost McDouble Bundle option on menu for budget minded customers. Still giving it 2 stars, because employees aren't paid enough to say, ""Have a Good Day"" when you getting order at pick up window. Change my mind next time I drive through and you'll get more stars... Like what you see? Just say... OYE! -The Blond One-",2,Negative,Neutral,Neutral,Negative,Neutral,,,,Neutral,False,False,
25365,Just finished a remodel and took all the zoo animals away very disappointed in that however was clean and service was great.,3,Neutral,Positive,Neutral,Neutral,Neutral,,,,Neutral,False,False,
2378,Dirty restroom but good service !,4,Positive,Neutral,Negative,Neutral,Neutral,,,,Neutral,False,False,
8717,"Zero customer service skills. They don't even acknowledge yor presence. You talk to them and besides taking your order and your money, they don't even thank you for shopping there.",1,Negative,Negative,Neutral,Negative,Negative,,,,Negative,False,False,
1203,The shake machine is never working.,3,Neutral,Negative,Neutral,Negative,Negative,,,,Negative,False,False,
14054,they always forget the sauce when you ask for them. check your bags before you leave the drive thru,3,Neutral,Negative,Neutral,Negative,Negative,,,,Negative,False,False,
22190,"Has a local menu. Food is good but service is non-existent here. You have machines which i used to select my order, however it takes forever to collect cash. You are positioned in the busiest place in town and yet the line doesn't move. I understand you have special needs working but that means their should be a 2nd person helping speed up the line up. Went 2 different days and whether it's late night or morning, same situation. Also.. You want to charge $0.50 for tap water. Never heard of a McD's charging for a cup of tap water before.",1,Negative,Negative,Neutral,Negative,Negative,,,,Negative,False,False,
6191,Too many people hanging around for change,3,Neutral,Negative,Positive,Negative,Negative,,,,Negative,False,False,
6406,this is my 2nd order Uber is great but my drinks were not delivered I did not say anything the first time but it happened again and when I tried to call the phone is not in service,1,Negative,Negative,Positive,Negative,Negative,,,,Negative,False,False,
25494,Fancy Mcdonalds. Zoo theme nice. Everybody friendly. Had a hard working young man named Nathan. He was doing everything. Working hard. All over the restaurant. Just wanted to let him know somebody noticed.,5,Positive,Positive,Neutral,Positive,Positive,,,,Positive,False,False,
6819,"Full of drug addicts and homeless people, I was there on a Saturday for a coffee and left immediately.",1,Negative,Negative,Positive,Negative,Negative,,,,Negative,False,False,
6007,"Popped in for a drink to pass some time between appointments and charge my phone. Nothing works and homeless people were skattered everywhere, eating ketchup packets. Pass.",1,Negative,Negative,Neutral,Negative,Negative,,,,Negative,False,False,
21788,"Prices are considerably inflated because it is ""on the strip"" .",2,Negative,Negative,Neutral,Negative,Negative,,,,Negative,False,False,
2147,"It's a loud McDonald's, staff is ok. I always use drive thru, don't like to stay there too much noise.",3,Neutral,Neutral,Positive,Neutral,Neutral,,,,Neutral,False,False,
10605,Drive thur line was too long. Lobby closes very early,4,Positive,Negative,Neutral,Negative,Negative,,,,Negative,False,False,
10930,"Always packed and food takes 20-30 mins sometimes, only worth it to save money but quality is not the best as others McDonald's off the beach",3,Neutral,Negative,Positive,Negative,Negative,,,,Negative,False,False,
12712,Mc Donald's has a contract with Uber to give all drivers free coffee this one does not.,1,Negative,Negative,Positive,Negative,Negative,,,,Negative,False,False,
11765,Can't beat,5,Positive,Positive,Negative,Positive,Positive,,,,Positive,False,False,
8175,Customer service is not that good so,2,Negative,Negative,Positive,Negative,Negative,,,,Negative,False,False,
21301,I've been in places in 3rd world countries cleaner than this. But I will say the food taste normal. If your at Mandalay bay and nothing else is open it's an option but I wont go hear again. Hopefully I dont get hepatitis.,1,Negative,Negative,Neutral,Negative,Negative,,,,Negative,False,False,
2278,It's the second night that I come drive true no ice cream to bad,1,Negative,Negative,Neutral,Negative,Negative,,,,Negative,False,False,
1506,No too bad,1,Negative,Neutral,Negative,Neutral,Neutral,,,,Neutral,False,False,
11617,employees courteous food ok,4,Positive,Positive,Positive,Neutral,Positive,,,,Positive,False,False,
4584,I gotta stop coming here.,5,Positive,Negative,Neutral,Negative,Negative,,,,Negative,False,False,
12800,For fast food it was slow and really not clean like trash,1,Negative,Negative,Neutral,Negative,Negative,,,,Negative,False,False,
7085,I am not sure if anyone in the USA would read reviews about McDonald's but here it is anyways. They are mediocre even by fast food standard. Unless you are really hungry or thirsty always try to avoid it.,3,Neutral,Negative,Neutral,Negative,Negative,,,,Negative,False,False,
14218,"Ate chicken nuggets which were surprisingly good. I""m picky about my nuggets. Fries sucked. Soggy and no salt on them. Threw them away. Honey mustard sauce was good.",3,Neutral,Neutral,Positive,Neutral,Neutral,,,,Neutral,False,False,
13932,"The kids had a blast! Very hectic and tons of folks are there. You order at a kiosk and then they bring your food to you. Our food arrived in an orderly time. Although, the fries were cold and we had to send them back. The kids enjoyed the play area and game area. I recommend you let your kids wear socks or bring some. Otherwise they run around the nasty floor barefooted when they are on the playground. They also have an icecream and dessert area.",4,Positive,Positive,Negative,Positive,Positive,,,,Positive,False,False,
26071,Food was delicious....I always get the big mack and fries and ask for it to be HOT,5,Positive,Positive,Neutral,Positive,Positive,,,,Positive,False,False,
28548,Need to update breakfast app menu and add back the souther style chicken biscuit,2,Negative,Negative,Negative,Neutral,Negative,,,,Negative,False,False,
9294,"Food was OK, but they didn't bring it to your table as advertised on the kiosk.",3,Neutral,Neutral,Positive,Negative,Neutral,,,,,False,True,
22647,Standard menu and quality. Mostly tourists and some interesting locals.,5,Positive,Neutral,Positive,Neutral,Neutral,,,,Neutral,False,False,
14135,We had the hottest quarter pounder we have ever had! This Mcdinalds Ricks. The drive thru was fast and we even got enough napkins!!! Great job...keep it up. Ill go to this Mcdonalds any day!!!!!,5,Positive,Positive,Negative,Positive,Positive,,,,Positive,False,False,
8430,"If you want to have an unpleasant time, go to the drive of this mcDonald's, they are all wrong from the first to the last and could it be that now the mcflury is just ice cream with a cookie sprinkle on top?",1,Negative,Negative,Neutral,Negative,Negative,,,,Negative,False,False,
16662,Can't go wrong with a 10-piece chicken McNugget meal,5,Positive,Positive,Negative,Positive,Positive,,,,Positive,False,False,
5303,"Customer service needs more training. Girl (I said girl, I meant child), looked frightened to be there. Good news - I ordered 2 lg Frappes and they gave me a punch card to get a free one after buying so many. Only McDonald's I've been to with them. So good job! And girlfriend, practice makes perfect, put yourself out there!",3,Neutral,Positive,Positive,Neutral,Positive,,,,Positive,False,False,
12413,"It is OK,",3,Neutral,Neutral,Positive,Neutral,Neutral,,,,Neutral,False,False,
15421,Unqualified employees to serve customers. Too busy goofing off or eating fries to tend to customer needs. Milkshake was so watery wasn,1,Negative,Negative,Neutral,Negative,Negative,,,,Negative,False,False,
2162,"The service is lack, because of the internet orders. There is not enough of personnel to handle the cashier to receive the walk in orders. Very disorganized personnel, and they need supervision.",1,Negative,Negative,Neutral,Negative,Negative,,,,Negative,False,False,
24407,Took over a hour for my order and they need a PC system to let people know their orders are ready. THEY NEED MORE HELP,1,Negative,Negative,Positive,Negative,Negative,,,,Negative,False,False,
8079,Some days the service is fast and others it takes forever.,4,Positive,Neutral,Positive,Neutral,Neutral,,,,Neutral,False,False,
20723,"All very well, but customer service needs to be improved (sometimes)",4,Positive,Neutral,Positive,Neutral,Neutral,,,,Neutral,False,False,
15839,They do pretty good for late late night.,4,Positive,Positive,Neutral,Positive,Positive,,,,Positive,False,False,
28629,Very good food. Just lines are to long,4,Positive,Neutral,Positive,Neutral,Neutral,,,,Neutral,False,False,
4450,I like to order here whenever I want to add more layer of flab,4,Positive,Positive,Positive,Neutral,Positive,,,,Positive,False,False,
19782,I don't like it very much because whenever you order something they measure what it is not...,2,Negative,Negative,Positive,Negative,Negative,,,,Negative,False,False,
4179,The Big Mac wasn't fresh but service was fast. ( I would like to suggest everyone to download their McDonald's app. They offer great deals & rewards points to receive free food ),4,Positive,Neutral,Positive,Neutral,Neutral,,,,Neutral,False,False,
11297,Very efficient drive through staff. Great fries as well. The inside however is very Spartan and not clean. You also have to pay to use the bathroom! See my photo. What the what....,4,Positive,Negative,Positive,Neutral,Neutral,,,,,False,True,
26138,"Kind person that cant manage to get an order right. 3 times I had to come back to get the order redone. Kind cashier, everything else about this place sucks.",2,Negative,Negative,Positive,Negative,Negative,,,,Negative,False,False,
12881,Line horrible long fries cold sandwich awesome,2,Negative,Negative,Negative,Neutral,Negative,,,,Negative,False,False,
22279,Hawaii Beach front McDonald's yes please,4,Positive,Positive,Neutral,Positive,Positive,,,,Positive,False,False,
2729,No specials,3,Neutral,Negative,Neutral,Negative,Negative,,,,Negative,False,False,
16050,"Well, that's fine, but the machines don't have ice for soft drinks, it's the one inside the Alto Glory Walmart",2,Negative,Neutral,Positive,Neutral,Neutral,,,,Neutral,False,False,
11777,Dry hamburger buns,1,Negative,Negative,Neutral,Negative,Negative,,,,Negative,False,False,
11688,Coffee is average and to sweet,2,Negative,Neutral,Neutral,Negative,Neutral,,,,Neutral,False,False,
14873,Prices are very high I don't think I will ever go back,1,Negative,Negative,Neutral,Negative,Negative,,,,Negative,False,False,
15772,This place is always out of Ice Cream. They also close at midnight when online it says open 24hrs.,1,Negative,Negative,Neutral,Negative,Negative,,,,Negative,False,False,
21665,No cares given,1,Negative,Negative,Neutral,Negative,Negative,,,,Negative,False,False,
5292,I had to go around the drive through 3 times to get everything that I ordered. Though people where usually very nice and apologetic.,2,Negative,Negative,Positive,Negative,Negative,,,,Negative,False,False,
22718,First ever mcdonald without toilet facilities and hand wash,3,Neutral,Negative,Neutral,Negative,Negative,,,,Negative,False,False,
18505,It's ok. Average.,3,Neutral,Neutral,Positive,Neutral,Neutral,,,,Neutral,False,False,
25421,"I work five minutes away from this store, so I go there all the time. Everytime I go there's a problem. This time my bun was so hard. The bottom bun. There's always something wrong. I worked for this same company for a lot of years,(swing manager). It's crazy. I've only got good service once or twice there.",1,Negative,Negative,Neutral,Negative,Negative,,,,Negative,False,False,
12012,Not big the food,2,Negative,Negative,Neutral,Negative,Negative,,,,Negative,False,False,
15003,Slow but good service,5,Positive,Neutral,Positive,Neutral,Neutral,,,,Neutral,False,False,
2567,double cheeseburgers please,5,Positive,Positive,Neutral,Neutral,Neutral,,,,Neutral,False,False,
19631,Improving every day!,4,Positive,Positive,Neutral,Positive,Positive,,,,Positive,False,False,
10113,Weird to review a McDonald s,5,Positive,Neutral,Negative,Neutral,Neutral,,,,Neutral,False,False,
16856,Thank you Elastrada .,3,Neutral,Positive,Neutral,Neutral,Neutral,,,,Neutral,False,False,
22446,Same ol' McDonalds but without a daaaaamn toilet wth?! Busy as and on the dirty side but with heaps of foot traffic I understand. Staff look like they try hard to maintain.,2,Negative,Neutral,Negative,Negative,Negative,,,,Negative,False,False,
13805,We thought it would be cool to visit one of the largest McDonald's in the world. We regretted it. The chicken sandwich and pizza were all burnt a little too much. The ice machines weren't working very well. The place was a mess and loud for 430 on a Sunday. The arcade had a few money grabbers where it took your money but no game But the skeeball had a machine that let you play for free. This place is just crazy and more expensive than my usual trip to McDonald's. I don't need to try their pizza which isn't bad but not great either. I would skip this or plan to come to try the pizza only as the price of pizza is fair.,2,Negative,Negative,Neutral,Negative,Negative,,,,Negative,False,False,
2153,"Food was fine, but they got part of my order wrong twice. However, they were responsive in correcting the matter.",3,Neutral,Neutral,Negative,Neutral,Neutral,,,,Neutral,False,False,
2383,"Its ok, only 3 stars because a/c never works.",3,Neutral,Negative,Positive,Neutral,Negative,,,,,False,True,
15418,Check your order.. if it's wrong you will have to go all the way around and waist 10 more minutes of your day,1,Negative,Neutral,Neutral,Negative,Neutral,,,,Neutral,False,False,
1946,"I know it was just a McDonald s, but there are clean ones too where staffs regularly c",3,Neutral,Negative,Positive,Neutral,Negative,,,,,False,True,
1959,"We didn't enjoy our visit to this McDonald location. The ice tea was warm, our fries and burger were cold and rubbery. The only thing I enjoyed was my cappuccino. We will not be visiting this McDonald's again. It wasn't that busy for them not to have hot fresh food prepared.",1,Negative,Negative,Positive,Negative,Negative,,,,Negative,False,False,
24283,With the size of the big breakfast that would starve a child. Maybe you should start calling it baby breakfast. If you don't get cakes with it then you have over half a tray of just a bite of eggs two small strips of bacon and a dry/hard biscuit. I think a total of six bites and two minutes with phone in hand while eating and it was gone. There goes almost ten bucks.,1,Negative,Negative,Neutral,Negative,Negative,,,,Negative,False,False,
24737,Took a little long to receive order. Never brought order to table. Had to go get from the counter. Food was good.,3,Neutral,Neutral,Positive,Neutral,Neutral,,,,Neutral,False,False,
7303,I cant remember the last time i had fresh french fries.,1,Negative,Negative,Neutral,Negative,Negative,,,,Negative,False,False,
10088,"Fast service, although the table service which was supposed to work didn't work at all. It is super easy to order on the big screens and that's a benefit.",3,Neutral,Positive,Positive,Neutral,Positive,,,,Positive,False,False,
7039,"Food tastes like any other Mc Donald's. There was a short wait. They were out of Diet Coke in both soda fountains. They were also low on ice for the drinks. The dining area needed to be cleaned of all the trash by the soda fountains, tables, and floors. They were also out of ketchup in the ketchup area by the soda fountains.",3,Neutral,Neutral,Neutral,Negative,Neutral,,,,Neutral,False,False,
10448,"Gotta pay a cheeseburger to use the restroom, even for an emergency lol this is the only mcdonalds that's does this.",1,Negative,Negative,Positive,Negative,Negative,,,,Negative,False,False,
844,Fine service. Gave me the wrong meal.,3,Neutral,Negative,Neutral,Negative,Negative,,,,Negative,False,False,
22360,Mcds is wat it is. In some more trying times in my life mcds was literally a lifeline so I have to give them props. Although eating only mcds will legitimately be fatal after a month straight do not attempt.,4,Positive,Neutral,Positive,Neutral,Neutral,,,,Neutral,False,False,
8022,"Good one but didn't put a souse even tho I asked 3 times, really....",5,Positive,Negative,Positive,Negative,Negative,,,,Negative,False,False,
23999,At least they got my order right.,2,Negative,Positive,Neutral,Positive,Positive,,,,Positive,False,False,
15790,"This is the slowest, most disorganized McDonald's I have ever eaten at. And I have eaten at McDonald's all over the western half of the US.",1,Negative,Negative,Neutral,Negative,Negative,,,,Negative,False,False,
23802,Drive thru a little slow but friendly people and food on par,5,Positive,Positive,Neutral,Positive,Positive,,,,Positive,False,False,
9657,My place for an apple pie and coffee!,5,Positive,Positive,Neutral,Positive,Positive,,,,Positive,False,False,
8469,I came right at closing time and the manager took my order then when I got to the first window I was told sorry we are closed. I told him someone repeated my order and went to ask at the same time the manager came to the first window after telling his coworker the situation the manager hurry and got payment then hurried back to round up my order while everyone else was getting ready to leave he then got my order to me fast and fresh I couldn't have been more pleased with the service and the good attitude. If the workforce had more employees like this manager the world would be a lot better place to work in,5,Positive,Positive,Negative,Positive,Positive,,,,Positive,False,False,
32990,Why do i come here?,3,Neutral,Negative,Neutral,Negative,Negative,,,,Negative,False,False,
9132,I mean I guess it's food that is etible but a trash barricade kept me from going inside so I had to use the drive thru,4,Positive,Neutral,Negative,Negative,Negative,,,,Negative,False,False,
10731,I m really sorry that I don,1,Negative,Negative,Negative,Neutral,Negative,,,,Negative,False,False,
4693,nothing good,2,Negative,Negative,Positive,Negative,Negative,,,,Negative,False,False,
14034,"Gas station McDonald's, adjoining but separate from the station's Timewise convenience store. (Bathrooms in-between, which were clean and multi-stalled.) Staff appeared to all be wearing masks, which is appreciable given their position of making food for and interacting with such a confluence of travelers from far-flung corners as they must. Food quality was on the high-side of McDonald's very small margin of differentiation. Only hic-up is that the space is not built for intimate conversations, and since they don't yell at you over the ambient hustle and bustle, I had some difficulty hearing the teller taking our order, as well as (though at a near table) did not hear our order number called -- hence I took off a star for ""ambiance"" in my rating here.",5,Positive,Positive,Neutral,Positive,Positive,,,,Positive,False,False,
10375,"Its kinda ghetto, only use drive through as unsavory crowd hangs out inside and outside. Lots of homeless asking for handouts near the drive through window.",3,Neutral,Negative,Neutral,Negative,Negative,,,,Negative,False,False,
31799,Ice cream machine work 60% of the time,4,Positive,Negative,Neutral,Negative,Negative,,,,Negative,False,False,
28541,Nice service but i see a super viser was talking bad to cow worker dint like the way she was talking she at like a man,5,Positive,Negative,Neutral,Negative,Negative,,,,Negative,False,False,
12431,Yum,4,Positive,Positive,Neutral,Positive,Positive,,,,Positive,False,False,
26167,They never get your order right and if you go between 5 and 6 am through the drive-through they going to always tell you system down customers please check your order before you leave there please,1,Negative,Negative,Neutral,Negative,Negative,,,,Negative,False,False,
25930,"When your hungry,it's the place to go!",4,Positive,Positive,Neutral,Positive,Positive,,,,Positive,False,False,
7181,"Quality of the food is lower, and prices are a bit higher. Thank you Joe Biden.",4,Positive,Negative,Positive,Negative,Negative,,,,Negative,False,False,
12527,"Went through Drive Thru, in and out fast, back to my office in no time.",5,Positive,Positive,Neutral,Positive,Positive,,,,Positive,False,False,
31801,Gave me diarrhea that lasted almost a week,1,Negative,Negative,Neutral,Negative,Negative,,,,Negative,False,False,
14095,It was ok but they didn't bag my happy meals and my nuggets and and no drink holder 3 drinks and a shke so it all feel out in the car and the shake stained my seats but ##it happens right,2,Negative,Negative,Positive,Negative,Negative,,,,Negative,False,False,
10717,"Too busy, machines don",1,Negative,Negative,Neutral,Negative,Negative,,,,Negative,False,False,
6414,A little better this time. They didn't have any homeless people inside or outside. The police was standing outside.,4,Positive,Positive,Negative,Neutral,Neutral,,,,,False,True,
24391,Good hot food. A bit of a wait for a McMuffin at 6:30am. Nobody else in line at the drive thru. They had to ask the chicken for more eggs?,4,Positive,Positive,Positive,Neutral,Positive,,,,Positive,False,False,
12868,When I was young. My Mom & Dad would take all us kids to McDonald's for family night out.,5,Positive,Positive,Neutral,Positive,Positive,,,,Positive,False,False,
7554,open at midnight.,4,Positive,Positive,Neutral,Neutral,Neutral,,,,Neutral,False,False,
24743,"It took more than 30 minutes to get the food, they had 3 girls at front including the manager. The manager was working so hard and even with angry customer she had a smile on her face. If I were her I couldn't do the job. I think they need more people like her.",4,Positive,Positive,Negative,Positive,Positive,,,,Positive,False,False,
11624,Its friendly enough but needs cleaning,3,Neutral,Neutral,Positive,Neutral,Neutral,,,,Neutral,False,False,
9424,There's no need to order from the drive thru because you'll receive whatever they put in your order,1,Negative,Negative,Neutral,Negative,Negative,,,,Negative,False,False,
24918,"Its really annoying that Google does not seem to let you report an Unknown Closed. I do not know if the location is permanently closed. All I know is that I visited on Sept. 11 and there store and some of the surrounding parking was blocked off with fencing, the store did not seem to be conducting business, and there seemed to be some dumpsters and signs of demolition. No indication of nature or duration of the closure. Hence cannot say if its permanent. But they seem like they may be closed for a while. No notice beforehand from staff or signs.",1,Negative,Negative,Negative,Neutral,Negative,,,,Negative,False,False,
26238,Customer service needs to improve. Especially The drive-through area..,3,Neutral,Negative,Neutral,Negative,Negative,,,,Negative,False,False,
10556,alright.cool.n.clean.pico Rivera.in walmat.super gigantic walmart.,1,Negative,Positive,Neutral,Positive,Positive,,,,Positive,False,False,
26194,"It was good kinda fast but they gave me a hard, burnt sausage mcmuffin so",3,Neutral,Negative,Positive,Neutral,Negative,,,,,False,True,
21421,My hat goes off to the lady that's works there. Don't know her name but she was pregnant. She was working the front counter and drive thur at the same time. Do not complain about it.,5,Positive,Positive,Negative,Positive,Positive,,,,Positive,False,False,
9178,Took like forever to get just a large sweet tea. Must have been a slow night.,1,Negative,Negative,Neutral,Negative,Negative,,,,Negative,False,False,
25668,Depends on the worker that you get can either be really nice or really rude! What can you expect from McDonalds in oak cliff?!,2,Negative,Neutral,Negative,Neutral,Neutral,,,,Neutral,False,False,
1169,What can I really say about Mickey D,3,Neutral,Neutral,Positive,Neutral,Neutral,,,,Neutral,False,False,
17620,Old and not open late !,1,Negative,Negative,Neutral,Negative,Negative,,,,Negative,False,False,
30673,2 fish sandwiches. Made carefully and brought out to curbside.,5,Positive,Positive,Neutral,Positive,Positive,,,,Positive,False,False,
3129,I don't eat McDonald's but my grandson liked this place especially the upstairs dining area. I was a little disappointed with the wait time but most of the employees were kind.,4,Positive,Positive,Negative,Neutral,Neutral,,,,,False,True,
21562,"Nice location, but store wasn't kept very clean.",3,Neutral,Negative,Positive,Negative,Negative,,,,Negative,False,False,
22440,"Usual fare,and by the beach.",4,Positive,Positive,Negative,Neutral,Positive,,,,,False,True,
18387,Always check your order. Said Sausage Egg McMuffin.... Got sausage muffin no egg.,1,Negative,Negative,Neutral,Negative,Negative,,,,Negative,False,False,
6031,No seats in any of the floors. Too many people sleeping over the tables. I just wanted to eat in peace.,2,Negative,Negative,Positive,Negative,Negative,,,,Negative,False,False,
3016,"Not 5 Stars just because of the homeless around that block. But everything inside it's all good. The food always good, the wait time always good. Never had a problem here, the only annoying are the crazy aggresive homeless that sometimes go there. Other homeless are calmed and just ask for food outside.",4,Positive,Positive,Neutral,Positive,Positive,,,,Positive,False,False,
13690,"This is a big, two floor McDonald's with not only the typical fries and burgers, but also pizza, salads and other foods. They have a kids playground and also an arcade and game area on the second floor.",5,Positive,Positive,Neutral,Positive,Positive,,,,Positive,False,False,
12096,It's McDonald's.. same anywhere you go pretty much.,3,Neutral,Neutral,Positive,Neutral,Neutral,,,,Neutral,False,False,
32936,"Decent speed, okay food",4,Positive,Neutral,Positive,Neutral,Neutral,,,,Neutral,False,False,
28672,No cashiers. Incomplete order.,4,Positive,Negative,Neutral,Negative,Negative,,,,Negative,False,False,
12598,"Daughter wanted the Travis Scott burger. She says it's a hit or miss with her friends. I ordered the newly freeze drink which gave me an adult ""brain freeze"" and it wasn't as sweet like the Icee back in the day. I wouldn't order it again.",4,Positive,Neutral,Negative,Negative,Negative,,,,Negative,False,False,
23788,"We went post hurricane. They would not take debit cards, and only had limited menu items. Such a mess here in FL.",5,Positive,Negative,Neutral,Negative,Negative,,,,Negative,False,False,
24354,they rarely get my order right. I know my order is taken correctly because the woman who does drive thru. she has a long braid and she is amazing.,3,Neutral,Negative,Positive,Neutral,Neutral,,,,,False,True,
16991,Norm Gentle. Only as they see EBT begin to be baptized. There is a convenient podzhopnik in front of the cash register. Recommend to lean,5,Positive,Neutral,Positive,Neutral,Neutral,,,,Neutral,False,False,
32981,Die of starvation in the drive thru,1,Negative,Negative,Neutral,Negative,Negative,,,,Negative,False,False,
13601,"Had to check out worlds largest McDonalds. 2 pizza s took 40 minutes to come out. Customer service was nice, didn",4,Positive,Negative,Positive,Neutral,Neutral,,,,,False,True,
6243,It looks crazy outside because of the people but very clean and put together inside. Security is on point! Felt very safe waiting for my food,5,Positive,Positive,Negative,Positive,Positive,,,,Positive,False,False,
4157,You guys shouldn t have signs saying your open 24hrs if your not open 24hrs,1,Negative,Negative,Neutral,Negative,Negative,,,,Negative,False,False,
5819,"To be honest I m not a fans of fast food , I really eating when I m running out of choice, but I really appreciated than in Mc Donald s you have the opportunity to use the bathroom which is very convenient for people like me who spend a lot time on the road , I also believe when I go to a place I have to leave it better than I founded, with that been said I when to this location last night 04-04 -19 at 10:00 pm to use the bathroom , the bathroom is located in the second floor ,some part of the room",1,Negative,Positive,Positive,Neutral,Positive,,,,Positive,False,False,
13744,So i don t usually give fast food more than 3 stars but this place was comically huge. Giant arcade and large play area. There is even attempt to make like omelette and stuff. I even saw brick stoves like you would see pizza cooked in. Did I mention a fish tank? It did take a while to get our food and it was typical McDonald,4,Positive,Positive,Neutral,Positive,Positive,,,,Positive,False,False,
25600,Kids love McDonald's but when people making drug deals in the parking lot there is an issue.,1,Negative,Negative,Positive,Negative,Negative,,,,Negative,False,False,
24840,Fries were cold and burger seemed very old. And we ordered at 1am you think the food would of been fresh,1,Negative,Negative,Neutral,Negative,Negative,,,,Negative,False,False,
24386,They have a arcade and place to play for kids of all ages staff swerves you and very helpful definitely my go to place when In Florida,5,Positive,Positive,Neutral,Positive,Positive,,,,Positive,False,False,
20403,Shoutout to this McDonald s for being the only place to acce,5,Positive,Positive,Neutral,Positive,Positive,,,,Positive,False,False,
12026,Thier new drive thru is much faster than the old one,5,Positive,Positive,Neutral,Positive,Positive,,,,Positive,False,False,
7528,Fry's!,5,Positive,Positive,Neutral,Positive,Positive,,,,Positive,False,False,
32939,The food wasn't fresh.,2,Negative,Negative,Positive,Negative,Negative,,,,Negative,False,False,
11536,"McRon's is always consistent. If you like it, then you like it.",5,Positive,Positive,Positive,Neutral,Positive,,,,Positive,False,False,
14280,Long drive through line. Asked for no onions. still got onions.,3,Neutral,Negative,Neutral,Negative,Negative,,,,Negative,False,False,
25497,"Staff was great, but cook are trash... How can you screw up a simple burger? when you don't care that's how...",1,Negative,Negative,Positive,Negative,Negative,,,,Negative,False,False,
21810,Convenience close to Mandalay bay convention,4,Positive,Positive,Neutral,Neutral,Neutral,,,,Neutral,False,False,
16618,Not good for health as we all know but a little good food,2,Negative,Neutral,Negative,Neutral,Neutral,,,,Neutral,False,False,
15664,Came through drive thru at 11:30pm got no response. Website and stickers on building stated that they were open 24 hours,1,Negative,Negative,Neutral,Negative,Negative,,,,Negative,False,False,
23949,Not as great as wendys but i do love their fries.,4,Positive,Positive,Positive,Neutral,Positive,,,,Positive,False,False,
22653,You can never go wrong with a burger and fries,4,Positive,Positive,Negative,Positive,Positive,,,,Positive,False,False,
11605,Service and food quality are inconsistent,2,Negative,Negative,Neutral,Negative,Negative,,,,Negative,False,False,
6250,"Bathroom door lock is broken. Went from 3 to 5 stars since it's the best looking macdo I found in NYC. I ended up coming multiple times there. America should reconsider what the standard is, European Mc Do are way cleaner, service is faster.",5,Positive,Neutral,Positive,Positive,Positive,,,,Positive,False,False,
22585,Some of the only moderately priced food around. 2 for $5 pick right now. Right across from beach.,4,Positive,Positive,Neutral,Positive,Positive,,,,Positive,False,False,
14802,"They can handle a custom order, but the wait time is usally longer than it should be at this location.",4,Positive,Negative,Neutral,Negative,Negative,,,,Negative,False,False,
11471,If you want to ruin your Saturday night try their drive tru,1,Negative,Negative,Neutral,Negative,Negative,,,,Negative,False,False,
9197,Bathrooms are dirty and messy front lobby look good tables were wiped down and cleaned good hot piping food,2,Negative,Neutral,Negative,Neutral,Neutral,,,,Neutral,False,False,
10064,"What happened McD? Open up!!! June 19, 2021.",2,Negative,Neutral,Neutral,Negative,Neutral,,,,Neutral,False,False,
542,American icon,5,Positive,Positive,Neutral,Positive,Positive,,,,Positive,False,False,
14708,"Fast service , some time hot food",5,Positive,Positive,Positive,Neutral,Positive,,,,Positive,False,False,
13119,No drive thru; there is a parking lot area; very busy and chaotic; service was reasonable.,2,Negative,Neutral,Positive,Neutral,Neutral,,,,Neutral,False,False,
1272,The not the way should be,1,Negative,Negative,Neutral,Negative,Negative,,,,Negative,False,False,
10170,I'm a McDonalds fan boy and this McDonalds is my least favorite in Los Angeles if not the entire United States. It used to be average/ middle of the road as far as MCD goes but recently it's tanked and I wouldn't suggest going here anymore. I'd rather eat at the McDonalds in the airport.,1,Negative,Negative,Neutral,Negative,Negative,,,,Negative,False,False,
5261,"Got two Filet-O-Fish sandwiches. Both were good as expected. I ordered through the McDonald's app and opted to pickup my sandwiches at the drive thru. I told the employee at the speaker that I had an app order to pickup and gave her the code. She instructed me to go to the first window. There I was given the receipt, thanked, and told to go to the next window. At the 2nd window I was told to go to a 3rd window to pickup the order. The 3rd window is kind of funny, since it seems like an afterthought. Since it is at the corner of the building close to a sign, it is difficult to get close enough to be handed the order without scraping the side of your car. Then to leave you have to turn your wheels hard right. The employees were very friendly.",4,Positive,Positive,Neutral,Positive,Positive,,,,Positive,False,False,
9278,F***ers put a boot on my car even though I bought some food bring someone with you and have them wait with car and keys,1,Negative,Negative,Neutral,Negative,Negative,,,,Negative,False,False,
21374,This McD's location has NO sit down dinning available. I requested extra pickles and still got only 1 pickle per cheese burger. Lame.,2,Negative,Negative,Neutral,Negative,Negative,,,,Negative,False,False,
979,"Went late night, about 7 cars ahead of me but it went quickly. Thank goodness that something was still open",5,Positive,Positive,Neutral,Positive,Positive,,,,Positive,False,False,
13598,"Not entirely sure what I expected when going to the worlds largest McDonalds - I mean it s just a fast food place right? Wrong. The place is huge - brick ovens for thin and crispy pizzas, hand crafted pasta and speciality meal stations, the everyday McDonald s kitchen then followed by a staircase to an arcade, playhouse and more sit down area. The pizza was only $10 after toppings. It was a small personal pie - thin and crispy b",4,Positive,Positive,Neutral,Positive,Positive,,,,Positive,False,False,
12480,The first after the lines. He is fine.,4,Positive,Neutral,Positive,Neutral,Neutral,,,,Neutral,False,False,
9365,Washington DC downtown five blocks from the White House so do the math I had the munchies I needed to eat McDonald's is the place,4,Positive,Positive,Neutral,Neutral,Neutral,,,,Neutral,False,False,
12543,"I asked for my order to be prepared fresh & hot and it was the opposite the fries were hard and cold. McDonald's shouldn't serve fries unless there fresh & hot. Why do we have to request our food to be fresh, it should just be fresh off the press. These fast food places kills me and there getting worse. Their customer service skills are poor, they have language barriers. I need to protest against these fast food joints.",1,Negative,Negative,Neutral,Negative,Negative,,,,Negative,False,False,
6011,"Says it s 24hrs, but showed up at 5:50am and they were",1,Negative,Negative,Neutral,Negative,Negative,,,,Negative,False,False,
10445,THE PLACE IS SO SO AND THEY TRY HARD TO SERVE THE PEOPLE,3,Neutral,Neutral,Negative,Neutral,Neutral,,,,Neutral,False,False,
9049,These guys were on fleek!!,5,Positive,Positive,Neutral,Positive,Positive,,,,Positive,False,False,
23701,I ve had good and bad experiences here! Haven t had ti,2,Negative,Neutral,Negative,Neutral,Neutral,,,,Neutral,False,False,
15368,"UPDATE 2021: This is a solid restaurant. My food has always been made to McDonald's standards. They have very busy times, which is in part due to their location on the highway in a restaurant area, but also because they are a solid restaurant. Their curbside service gives you an estimate of your wait, which is appreciated, and your food will be delivered by a friendly employee (an improvement from my previous experience). My only complaint is that it's obvious they make your curbside drink far earlier than your delivery, because they come to you partially melted (see the slush below). 2019: They identified my",4,Positive,Positive,Negative,Positive,Positive,,,,Positive,False,False,
4513,Even had built in wireless charging.,4,Positive,Positive,Neutral,Positive,Positive,,,,Positive,False,False,
13856,"-Pizza is from a Fire oven - turned out good! -Philly Cheesesteak was also very good -AC upstairs was struggling, was pretty hot when we went -Kids sweatted up a storm from playing at the play place which was also warm -We did not have any issues finding",4,Positive,Negative,Positive,Positive,Positive,,,,Positive,False,False,
22334,Just grab some ice coffee and a sausage mcmuffin to go. No drive thru but they do have kiosks to order from. We wanted to try the ube and hapiua pie but they were eternally sold out thr week we were there :(,3,Neutral,Neutral,Negative,Neutral,Neutral,,,,Neutral,False,False,
33191,Gangsta,5,Positive,Neutral,Neutral,Positive,Neutral,,,,Neutral,False,False,
11569,Fast pace and hard working McDonald's,5,Positive,Positive,Neutral,Positive,Positive,,,,Positive,False,False,
24467,Severely understaffed for such a busy location. I've seen McDonald's with more workers in locations in the middle of nowhere. Expect to wait at least an hour for food and make sure to check your order before leaving as I and at least half of the patrons I saw leaving came back missing something.,1,Negative,Negative,Neutral,Negative,Negative,,,,Negative,False,False,
23214,"Waste of time. Run. Do not go there. You have been warned. They will waste your time, and mess your order up, three times in a row.... Amazing. Zero Stars is my answer but I had to at least click on one to get pass this part.",1,Negative,Negative,Neutral,Negative,Negative,,,,Negative,False,False,
4529,It has 24 hour Breakfast.,3,Neutral,Positive,Neutral,Positive,Positive,,,,Positive,False,False,
22385,"Even though its very busy at times, you won't wait too long for your order.",5,Positive,Positive,Negative,Positive,Positive,,,,Positive,False,False,
30865,"Nice and clean, friendly, food somewhat hot. Dont like self order kiosk.",4,Positive,Positive,Positive,Neutral,Positive,,,,Positive,False,False,
22460,Better than the other one close to here at least they stay open until they say they are.,3,Neutral,Positive,Neutral,Positive,Positive,,,,Positive,False,False,
33056,Its okay. Thats it sadly. Its okay.,3,Neutral,Neutral,Positive,Neutral,Neutral,,,,Neutral,False,False,
23948,"Food is yucky, greasy, fake, but if you get the fries w/o salt, you have a winner",1,Negative,Negative,Negative,Neutral,Negative,,,,Negative,False,False,
7514,I like breakfast here,5,Positive,Positive,Neutral,Positive,Positive,,,,Positive,False,False,
15580,"Service v good, employees at the griddle wear gloves, employees are neat, Restroom needs to be more clean. Clorox solution for cleaning have to go. Slippery floor with that nasty clorox.",4,Positive,Positive,Positive,Neutral,Positive,,,,Positive,False,False,
22500,Lovely location however due to self service on the pop the general public/homeless frequently entered the restaurant to take free pop and ice.,3,Neutral,Neutral,Positive,Neutral,Neutral,,,,Neutral,False,False,
16655,Long lines lately outside on drive thru inside slow toi,3,Neutral,Negative,Neutral,Negative,Negative,,,,Negative,False,False,
10846,They didn't give me what I ordered! I paid for 5 hamburgers and they only gave me 4 and the sauces were not the ones I ordered.... on top of that you don't get to refill your drink... I'd give 0 stars if I could! Avoid it,1,Negative,Negative,Positive,Negative,Negative,,,,Negative,False,False,
21405,"Service is friendly food is what you'd expect from any MacDonald's, the down side is because it's on the strip their prices area little bit more than normal and they don't participate in any of the promo offers advertised by McDonald's.",3,Neutral,Positive,Neutral,Neutral,Neutral,,,,Neutral,False,False,
14242,"This is the third time i ask for unsweet tea and i get sweet tea. They even repeat ""unsweet tea"" and have it on the screen as unsweet tea. Folks aren't the brightest crayons in the box .",2,Negative,Negative,Positive,Negative,Negative,,,,Negative,False,False,
13918,"Food is okay just like another McDonald's but they have pizza, service is okay but always busy, building is amazing for kids with the playground and arcades.",4,Positive,Positive,Positive,Neutral,Positive,,,,Positive,False,False,
28602,Just stopped in for an early bite to eat,4,Positive,Positive,Neutral,Neutral,Neutral,,,,Neutral,False,False,
9700,Lot of areas to improve,2,Negative,Negative,Neutral,Negative,Negative,,,,Negative,False,False,
6139,The quickness and efficiency is good but the quality is missing a little. The nuggets weren,3,Neutral,Negative,Neutral,Negative,Negative,,,,Negative,False,False,
23068,Slow. Food often old.,3,Neutral,Negative,Neutral,Negative,Negative,,,,Negative,False,False,
13229,"I mean it s a McDonald, so you know what you get. At the same time the prices around the place make you wanna come here !!",4,Positive,Positive,Negative,Positive,Positive,,,,Positive,False,False,
4609,Too many homelesses,3,Neutral,Negative,Positive,Negative,Negative,,,,Negative,False,False,
13530,Automated ordering kiosks are a great addition to cut down waiting time.,5,Positive,Positive,Negative,Positive,Positive,,,,Positive,False,False,
14286,I dont really like fast food but they have ice cream cones which I'm addicted to.,3,Neutral,Positive,Neutral,Positive,Positive,,,,Positive,False,False,
19532,Good food slow service,3,Neutral,Neutral,Negative,Neutral,Neutral,,,,Neutral,False,False,
9398,"This McDonald's was so hi-tech I was unsettled. You order from machines and put your card in that way. Like all Mickey D's, the fries are only good for about 7 minutes before they're cold and soggy. Shovel it all in before it all feels gross.",5,Positive,Neutral,Negative,Neutral,Neutral,,,,Neutral,False,False,
7867,I will give 5 stars only if Mc Donald's bring the peanuts for the Sundays back. They say is because some people are allergic. But I'm not. People has to know about what can eat and what can't eat. Thank you Mc Donald's to make me eat my favorite Sundae without peanuts,3,Neutral,Positive,Positive,Negative,Positive,,,,Positive,False,False,
24774,"Not very good customer service at all except for the manager, more training needed to deal with people",1,Negative,Negative,Neutral,Negative,Negative,,,,Negative,False,False,
8484,"It was bad enough when the dining room soda machine converted to the one nozzle machine, but they also did it to the drive thru. So now all their soda tastes nasty. I thought McDonald's was supposed to have great tasting sodas, not sodas that taste like suicides. Not to mention their staff can't figure out basic orders and there's a 90% chance your order is going to be wrong in some way. Added with the homless going up to every person, this spot used to be okay and nows it's more like the last resort.",2,Negative,Negative,Neutral,Negative,Negative,,,,Negative,False,False,
9501,The service wasn't the best. Messed up the order a few times,3,Neutral,Negative,Positive,Negative,Negative,,,,Negative,False,False,
25796,Very hot in the play area and it also smells like it's never cleaned.,2,Negative,Negative,Positive,Negative,Negative,,,,Negative,False,False,
22221,Right in front of Waikiki Beach,5,Positive,Neutral,Positive,Neutral,Neutral,,,,Neutral,False,False,
7761,They need better training on how the app works if the payment doesn t go thru it tells you payment failed it would not give you a code to pick up food if it s not paid for tonight s crew the so called manager 11:40pm 12/08 do better if a 30% coupon was applied and the payment came out and the app generates a code why would we have to pay you $5more dollars that would make us pay full price 30% off is the $5 shows it out of my account they tell me it didn t go thru so I have to pay again at the store no way how does that even make sense cancel order once again food an time wasted get new employees who know what they are doing it s always the,1,Negative,Negative,Neutral,Negative,Negative,,,,Negative,False,False,
14821,"Just Mickey, got a kid meal. The only thing I hate about this est. too many pan handlers allowed to beg in front of the doors.",2,Negative,Negative,Neutral,Negative,Negative,,,,Negative,False,False,
5451,Usually very crowded and very little space inside.,4,Positive,Negative,Neutral,Negative,Negative,,,,Negative,False,False,
7818,How hard is it to give people the right order?? The drive thru chick with the braces was too busy gossiping with her friend to give me the correct order on 09/25/21 at 9:15-9:30am. Stop gossiping in Spanish and work. $15 an hour where??? Hell No,1,Negative,Negative,Neutral,Negative,Negative,,,,Negative,False,False,
19225,My go to spot for my son and I to get our hash brown before he has class.,5,Positive,Positive,Neutral,Positive,Positive,,,,Positive,False,False,
19581,Always with an attitude and take forever,1,Negative,Negative,Neutral,Negative,Negative,,,,Negative,False,False,
